INSERT INTO hotel (id, address, name) VALUES (1, 'testowa 22', 'HotelTest');
INSERT INTO room (id, bathroom, number, personCount, price_per_night, type, hotel_id) VALUES (1, 1, 20, 2, 400, 'Pair', 1);
INSERT INTO room (id, bathroom, number, personCount, price_per_night, type, hotel_id) VALUES (2, 0, 30, 5, 600, 'Group', 1);
INSERT INTO event (id, date, personCount, hotel_id) VALUES (1, '2024-02-28', 20, 1);
INSERT INTO event (id, date, personCount, hotel_id) VALUES (2, '2024-03-10', 10, 1);
INSERT INTO client (id, cardType, mail, name, pesel, phone, surname, event_id) VALUES (1, null, 'test@gmail.com', 'Jan', '12345678900', '111222333', 'Kowalski', 1);
INSERT INTO client (id, cardType, mail, name, pesel, phone, surname, event_id) VALUES (2, null, 'testing@gmail.com', 'Paul', '00987654321', '999888777', 'Owen', 2);
INSERT INTO reservation (id, fromDate, toDate, client_id, room_id) VALUES (1, '2024-02-15', '2024-02-20', 1, 1);
INSERT INTO reservation (id, fromDate, toDate, client_id, room_id) VALUES (2, '2024-03-20', '2024-03-22', 2, 2);
INSERT INTO employee (id, mail, name, phone, salary, surname, hotel_id) VALUES (1, 'testworker@gmail.com', 'Adam', '444555666', 5000.00, 'Fish', 1);
INSERT INTO employee (id, mail, name, phone, salary, surname, hotel_id) VALUES (2, 'testworker2@gmail.com', 'Robert', '666444555', 7000.00, 'York', 1);
INSERT INTO review (id, date, description, outcome, client_id, hotel_id) VALUES (1, '2024-03-20', 'Great', 5, 1, 1);
INSERT INTO review (id, date, description, outcome, client_id, hotel_id) VALUES (2, '2024-03-20', 'Not the best', 3, 2, 1);
INSERT INTO facility (id, description, name) VALUES (1, 'Alcohols in your own room', 'Mini bar');
INSERT INTO facility (id, description, name) VALUES (2, 'Watch every series which you want', 'Streaming services');
INSERT INTO event_types (event_id, event_type) VALUES (1, 'WEEDING');
INSERT INTO event_types (event_id, event_type) VALUES (2, 'CONCERT');
INSERT INTO room_facility(room_id, facility_id) VALUES (1, 2);
INSERT INTO room_facility(room_id, facility_id) VALUES (2, 1);
